Workbook

Sheet 01_สรุปภาพรวม
A1: สรุปผล Pre Test / Post Test — โครงการรุ่นพี่การเงิน
A2: โรงเรียนเตรียมอุดมศึกษาพัฒนาการ ยานนาเวศ | ข้อสอบความรู้การเงิน 25 ข้อ + พฤติกรรมการเงิน 5 ข้อ
B4: ภาพรวมการเข้าร่วม
B5: รายการ | C5: Pre Test | D5: Post Test | E5: ผลต่าง
B6: จำนวนผู้ทำแบบทดสอบ (คน) | C6: =COUNT(03_คะแนน_PreTest!AE5:AE32) -> 28 | D6: =COUNT(04_คะแนน_PostTest!AE5:AE49) -> 45 | E6: =D6-C6 -> 17
B7: คะแนนเฉลี่ย (เต็ม 25) | C7: =AVERAGE(03_คะแนน_PreTest!AE5:AE32) -> 14.035714 | D7: =AVERAGE(04_คะแนน_PostTest!AE5:AE49) -> 18.222222 | E7: =D7-C7 -> 4.1865079
B8: คะแนนเฉลี่ย (ร้อยละ) | C8: =AVERAGE(03_คะแนน_PreTest!AE5:AE32)/25 -> 0.56142857 | D8: =AVERAGE(04_คะแนน_PostTest!AE5:AE49)/25 -> 0.72888889 | E8: =D8-C8 -> 0.16746032
B9: มัธยฐาน | C9: =MEDIAN(03_คะแนน_PreTest!AE5:AE32) -> 14 | D9: =MEDIAN(04_คะแนน_PostTest!AE5:AE49) -> 19 | E9: =D9-C9 -> 5
B10: คะแนนสูงสุด | C10: =MAX(03_คะแนน_PreTest!AE5:AE32) -> 23 | D10: =MAX(04_คะแนน_PostTest!AE5:AE49) -> 25 | E10: =D10-C10 -> 2
B11: คะแนนต่ำสุด | C11: =MIN(03_คะแนน_PreTest!AE5:AE32) -> 4 | D11: =MIN(04_คะแนน_PostTest!AE5:AE49) -> 4 | E11: =D11-C11 -> 0
B12: ส่วนเบี่ยงเบนมาตรฐาน | C12: =STDEV(03_คะแนน_PreTest!AE5:AE32) -> 5.4056359 | D12: =STDEV(04_คะแนน_PostTest!AE5:AE49) -> 4.8330721 | E12: =D12-C12 -> -0.57256381
B15: ผลการพัฒนา (เฉพาะผู้ทำครบทั้ง 2 ครั้ง — 22 คน)
B16: ตัวชี้วัด | C16: ค่า
B17: จำนวนผู้จับคู่ได้ (คน) | C17: =COUNT(05_เปรียบเทียบ_PrePost!E5:E26) -> 22
B18: คะแนนเฉลี่ย Pre | C18: =AVERAGE(05_เปรียบเทียบ_PrePost!E5:E26) -> 14.545455
B19: คะแนนเฉลี่ย Post | C19: =AVERAGE(05_เปรียบเทียบ_PrePost!F5:F26) -> 18.181818
B20: ผลต่างเฉลี่ย (คะแนน) | C20: =AVERAGE(05_เปรียบเทียบ_PrePost!G5:G26) -> 3.6363636
B21: อัตราการเพิ่มขึ้น (%) | C21: =AVERAGE(05_เปรียบเทียบ_PrePost!G5:G26)/AVERAGE(05_เปรียบเทียบ_PrePost!E5:E26) -> 0.25
B22: Normalized Gain เฉลี่ย | C22: =AVERAGE(05_เปรียบเทียบ_PrePost!I5:I26) -> 0.17501988
B23: จำนวนที่คะแนนเพิ่มขึ้น (คน) | C23: =COUNTIF(05_เปรียบเทียบ_PrePost!G5:G26,">0") -> 17
B24: จำนวนที่คะแนนเท่าเดิม (คน) | C24: =COUNTIF(05_เปรียบเทียบ_PrePost!G5:G26,"=0") -> 0
B25: จำนวนที่คะแนนลดลง (คน) | C25: =COUNTIF(05_เปรียบเทียบ_PrePost!G5:G26,"<0") -> 5
B26: สัดส่วนผู้ที่พัฒนาขึ้น | C26: =COUNTIF(05_เปรียบเทียบ_PrePost!G5:G26,">0")/COUNT(05_เปรียบเทียบ_PrePost!G5:G26) -> 0.77272727
B29: สรุปตามหมวดความรู้
B30: หมวด | C30: % ถูก Pre | D30: % ถูก Post | E30: ผลต่าง
B31: รายรับ-รายจ่าย | C31: =07_วิเคราะห์รายหมวด!D5 -> 0.39285714 | D31: =07_วิเคราะห์รายหมวด!E5 -> 0.60740741 | E31: =D31-C31 -> 0.21455026
B32: พฤติกรรมผู้บริโภค | C32: =07_วิเคราะห์รายหมวด!D6 -> 0.63690476 | D32: =07_วิเคราะห์รายหมวด!E6 -> 0.74814815 | E32: =D32-C32 -> 0.11124339
B33: การออม/เป้าหมาย | C33: =07_วิเคราะห์รายหมวด!D7 -> 0.61904762 | D33: =07_วิเคราะห์รายหมวด!E7 -> 0.8 | E33: =D33-C33 -> 0.18095238
B34: หนี้สิน/สินทรัพย์ | C34: =07_วิเคราะห์รายหมวด!D8 -> 0.48214286 | D34: =07_วิเคราะห์รายหมวด!E8 -> 0.68333333 | E34: =D34-C34 -> 0.20119048
B35: ธุรกิจ/รายได้ | C35: =07_วิเคราะห์รายหมวด!D9 -> 0.44642857 | D35: =07_วิเคราะห์รายหมวด!E9 -> 0.69444444 | E35: =D35-C35 -> 0.24801587
B36: การลงทุน | C36: =07_วิเคราะห์รายหมวด!D10 -> 0.69285714 | D36: =07_วิเคราะห์รายหมวด!E10 -> 0.8 | E36: =D36-C36 -> 0.10714286

Sheet 02_เฉลย
A1: เฉลยข้อสอบ (Answer Key)
A2: แก้ค่าในคอลัมน์ 'คำตอบที่ถูก' ได้ แล้วแจ้งให้คำนวณคะแนนใหม่ | ข้อปรนัย = เลขตัวเลือก, ข้ออัตนัย = ตัวเลข
A4: ข้อ | B4: หมวด | C4: ประเด็น | D4: ประเภท | E4: คำตอบที่ถูก | F4: คำอธิบายคำตอบ | G4: คำถามเต็ม
A5: 1 | B5: รายรับ-รายจ่าย | C5: ไม่เป็นรายรับ | D5: ปรนัย | E5: 2 | F5: วงเงินบัตรเครดิต | G5: 1. ข้อใดต่อไปนี้ไม่เป็นรายรับ
A6: 2 | B6: รายรับ-รายจ่าย | C6: บริหารกระแสเงินสด | D6: ปรนัย | E6: 1 | F6: รับทุกสิ้นวัน วันละ 500 บาท | G6: 2. เราทำงานพิเศษอยู่ที่บริษัทแห่งหนึ่ง 5 วันต่อสัปดาห์ ได้รับค่าจ้างวันละ 500 บาท เจ้านายให้เราเลือกว่าจะรับเงินแบบใด ตัวเลือกใดต่อไปนี้ดีที่สุดในการบริหารกระแสเงินสด
A7: 3 | B7: รายรับ-รายจ่าย | C7: ดอกเบี้ยทบต้น 2 ปี | D7: อัตนัย (ตัวเลข) | E7: 121 | F7: 121 บาท | G7: 3. เด็กชายออมสินนำเงินไปฝากธนาคาร ฿100 โดยเขาจะได้รับดอกเบี้ยในอัตรา 10% ต่อปี ถ้าออมสินไม่ถอนเงินเลยเป็นเวลา 2 ปี เขาจะมีเงินในธนาคารกี่บาท
A8: 4 | B8: พฤติกรรมผู้บริโภค | C8: อคติผู้บริโภค | D8: ปรนัย | E8: 3 | F8: SIMILARITY BIAS | G8: 4. ปั้นเคยได้กำไรจากซื้อหุ้นธนาคารมาตลอด จึงซื้อแต่หุ้นธนาคารนั้นอย่างเดียว โดยไม่สนใจศึกษาหุ้นตัวอื่น ๆ เลย จากเหตุการณ์นี้ปั้นมีอคติของผู้บริโภคแบบไหน
A9: 5 | B9: พฤติกรรมผู้บริโภค | C9: ค่าใช้จ่ายจำเป็นน้อยสุด | D9: ปรนัย | E9: 4 | F9: นาฬิกาข้อมือ | G9: 5. ค่าใช้จ่ายในข้อใดต่อไปนี้จำเป็นน้อยที่สุดสำหรับเด็กในวัยเรียน
A10: 6 | B10: พฤติกรรมผู้บริโภค | C10: ลดรายจ่ายเพื่อเป้าหมาย | D10: ปรนัย | E10: 1 | F10: น้ำอัดลม → น้ำเปล่า เพื่อซ่อมมือถือ | G10: 6. หากเราต้องการลดรายจ่ายลง เพื่อเก็บเงินให้ถึงเป้าหมาย ข้อใดต่อไปนี้ถูกต้องที่สุด
A11: 7 | B11: พฤติกรรมผู้บริโภค | C11: ข้อผิดในการเลือกซื้อ | D11: ปรนัย | E11: 3 | F11: ซื้อของถูกผิดปกติทันที | G11: 7. ข้อใดต่อไปนี้ผิดในเรื่องการเลือกซื้อสินค้า
A12: 8 | B12: พฤติกรรมผู้บริโภค | C12: ความคุ้มค่าต่อหน่วย | D12: ปรนัย | E12: 1 | F12: กล่องเล็ก 2 กล่อง (8 บาท) | G12: 8. ต้องการซื้อคุกกี้ให้ได้ 8 ชิ้น แบบไหนคุ้มค่าที่สุด
A13: 9 | B13: พฤติกรรมผู้บริโภค | C13: หลักการเลือกซื้อ | D13: ปรนัย | E13: 3 | F13: คุณภาพที่จำเป็น ราคาเหมาะสม | G13: ข้อใดต่อไปนี้ถูกต้องที่สุด
A14: 10 | B14: การออม/เป้าหมาย | C14: ออมเงินต่อสัปดาห์ | D14: อัตนัย (ตัวเลข) | E14: 30 | F14: 30 บาท/สัปดาห์ | G14: 10. ออมสินอยากประหยัดค่าใช้จ่าย เพื่อซื้อรองเท้าผ้าใบราคา ฿300 ในอีก 10 สัปดาห์ข้างหน้า ออมสินจะต้องออมเงินกี่บาทต่อสัปดาห์
A15: 11 | B15: การออม/เป้าหมาย | C15: ส่วนต่างที่ต้องเพิ่ม | D15: อัตนัย (ตัวเลข) | E15: 10 | F15: 10 บาท/สัปดาห์ | G15: 11. จากข้อ 10. ในเดือนที่ผ่านมาออมสินมีเงินคงเหลือต่อสัปดาห์อยู่ที่ ฿20 ซึ่งยังไม่พอกับการออมเงินซื้อรองเท้า ออมสินต้องเพิ่มรายรับหรือลดรายจ่ายอีกกี่บาทต่อสัปดาห์
A16: 12 | B16: การออม/เป้าหมาย | C16: เงินไม่พอเป้าหมาย | D16: ปรนัย | E16: 2 | F16: ตัดรายจ่ายที่ไม่จำเป็นออกก่อน | G16: 12. ถ้าเงินคงเหลือไม่พอกับเป้าหมายการออมที่ตั้งไว้ ข้อใดคือสิ่งที่ควรทำเป็นอันดับแรก
... A29: 25 | B29: การลงทุน | C29: สินทรัพย์เสี่ยงสูงสุด | D29: ปรนัย | E29: 3 | F29: เปิดธุรกิจของตัวเอง | G29: 25. การลงทุนในสินทรัพย์ต่อไปนี้ ประเภทใดมีความเสี่ยงสูงที่สุด

Sheet 03_คะแนน_PreTest
A1: คะแนนรายบุคคล — Pre Test
A2: 1 = ตอบถูก, 0 = ตอบผิด/ไม่ตอบ | คะแนนเต็ม 25
A4: # | B4: ชื่อ-นามสกุล | C4: ชื่อเล่น | D4: ห้อง | E4: วันที่ทำ | F4: Q1 | G4: Q2 | H4: Q3 | I4: Q4 | J4: Q5 | K4: Q6 | L4: Q7 | M4: Q8 | N4: Q9 | O4: Q10 | P4: Q11 | Q4: Q12 | R4: Q13 | S4: Q14 | T4: Q15 | U4: Q16 | V4: Q17 | W4: Q18 | X4: Q19 | Y4: Q20 | Z4: Q21 | AA4: Q22 | AB4: Q23 | AC4: Q24 | AD4: Q25 | AE4: คะแนนรวม | AF4: ร้อยละ | AG4: ระดับ
A5: 1 | B5: รีมา เชรฐตรี | C5: รีมา | D5: ม.4/7 | E5: 46256.55 | F5: 1 | G5: 0 | H5: 1 | I5: 1 | J5: 1 | K5: 1 | L5: 1 | M5: 1 | N5: 1 | O5: 1 | P5: 1 | Q5: 1 | R5: 0 | S5: 1 | T5: 1 | U5: 1 | V5: 1 | W5: 1 | X5: 1 | Y5: 1 | Z5: 1 | AA5: 1 | AB5: 1 | AC5: 1 | AD5: 1 | AE5: =SUM(F5:AD5) -> 23 | AF5: =AE5/25 -> 0.92 | AG5: ดีมาก (80%+)
A6: 2 | B6: นางสาวภัทรจารีย์ คงเยือกเย็น | C6: ไอซ์ | D6: ม.4/8 | E6: 46255.653 | F6: 1 | G6: 1 | H6: 0 | I6: 1 | J6: 0 | K6: 1 | L6: 1 | M6: 0 | N6: 1 | O6: 1 | P6: 1 | Q6: 1 | R6: 1 | S6: 1 | T6: 1 | U6: 1 | V6: 1 | W6: 1 | X6: 1 | Y6: 1 | Z6: 1 | AA6: 1 | AB6: 1 | AC6: 1 | AD6: 1 | AE6: =SUM(F6:AD6) -> 22 | AF6: =AE6/25 -> 0.88 | AG6: ดีมาก (80%+)
A7: 3 | B7: นส.มนฑิรา คะครรัมย์ | C7: 23.0 | D7: ม.4/7 | E7: 46256.003 | F7: 1 | G7: 1 | H7: 0 | I7: 0 | J7: 1 | K7: 1 | L7: 1 | M7: 1 | N7: 1 | O7: 1 | P7: 1 | Q7: 1 | R7: 1 | S7: 1 | T7: 0 | U7: 1 | V7: 1 | W7: 1 | X7: 1 | Y7: 1 | Z7: 1 | AA7: 1 | AB7: 1 | AC7: 1 | AD7: 1 | AE7: =SUM(F7:AD7) -> 22 | AF7: =AE7/25 -> 0.88 | AG7: ดีมาก (80%+)
A8: 4 | B8: นายสรายุทธ โยธา | C8: ยุทธ | D8: ม.4/7 | E8: 46257.433 | F8: 1 | G8: 1 | H8: 1 | I8: 1 | J8: 1 | K8: 1 | L8: 1 | M8: 0 | N8: 1 | O8: 1 | P8: 1 | Q8: 1 | R8: 1 | S8: 0 | T8: 1 | U8: 1 | V8: 1 | W8: 1 | X8: 1 | Y8: 0 | Z8: 1 | AA8: 1 | AB8: 1 | AC8: 1 | AD8: 1 | AE8: =SUM(F8:AD8) -> 22 | AF8: =AE8/25 -> 0.88 | AG8: ดีมาก (80%+)
A9: 5 | B9: ภาณุวัฒน์ ตั้งยศพัฒน์ | C9: เตอร์ | D9: ม.4/7 | E9: 46255.979 | F9: 1 | G9: 1 | H9: 1 | I9: 1 | J9: 1 | K9: 1 | L9: 1 | M9: 1 | N9: 1 | O9: 1 | P9: 1 | Q9: 1 | R9: 1 | S9: 1 | T9: 0 | U9: 0 | V9: 0 | W9: 1 | X9: 1 | Y9: 1 | Z9: 0 | AA9: 1 | AB9: 1 | AC9: 1 | AD9: 0 | AE9: =SUM(F9:AD9) -> 20 | AF9: =AE9/25 -> 0.8 | AG9: ดีมาก (80%+)
A10: 6 | B10: นาย ศรัณย์ เสาใสศรี | C10: กันต์ | D10: ม.4/8 | E10: 46255.61 | F10: 1 | G10: 0 | H10: 0 | I10: 1 | J10: 1 | K10: 1 | L10: 1 | M10: 1 | N10: 1 | O10: 1 | P10: 1 | Q10: 1 | R10: 0 | S10: 0 | T10: 0 | U10: 1 | V10: 0 | W10: 1 | X10: 1 | Y10: 1 | Z10: 1 | AA10: 1 | AB10: 1 | AC10: 1 | AD10: 1 | AE10: =SUM(F10:AD10) -> 19 | AF10: =AE10/25 -> 0.76 | AG10: ดี (60-79%)
A11: 7 | B11: สุปรีดา เนืองนุช | C11: คิว | D11: ม.4/7 | E11: 46256.456 | F11: 1 | G11: 1 | H11: 1 | I11: 1 | J11: 1 | K11: 1 | L11: 1 | M11: 1 | N11: 1 | O11: 1 | P11: 1 | Q11: 1 | R11: 0 | S11: 1 | T11: 1 | U11: 1 | V11: 0 | W11: 0 | X11: 0 | Y11: 1 | Z11: 1 | AA11: 1 | AB11: 1 | AC11: 0 | AD11: 0 | AE11: =SUM(F11:AD11) -> 19 | AF11: =AE11/25 -> 0.76 | AG11: ดี (60-79%)
A12: 8 | B12: นส ภัคจิรา ปรางงาม | C12: น้ำ | D12: ม.4/7 | E12: 46258.325 | F12: 1 | G12: 0 | H12: 1 | I12: 1 | J12: 1 | K12: 1 | L12: 0 | M12: 0 | N12: 1 | O12: 1 | P12: 1 | Q12: 1 | R12: 1 | S12: 0 | T12: 1 | U12: 1 | V12: 0 | W12: 1 | X12: 1 | Y12: 1 | Z12: 1 | AA12: 1 | AB12: 0 | AC12: 0 | AD12: 1 | AE12: =SUM(F12:AD12) -> 18 | AF12: =AE12/25 -> 0.72 | AG12: ดี (60-79%)
A13: 9 | B13: ณัฐณิชา ศรีเสริม | C13: เนย | D13: ม.4/8 | E13: 46258.335 | F13: 1 | G13: 0 | H13: 0 | I13: 1 | J13: 1 | K13: 1 | L13: 1 | M13: 0 | N13: 1 | O13: 1 | P13: 1 | Q13: 1 | R13: 1 | S13: 0 | T13: 1 | U13: 1 | V13: 0 | W13: 1 | X13: 0 | Y13: 1 | Z13: 1 | AA13: 1 | AB13: 1 | AC13: 0 | AD13: 0 | AE13: =SUM(F13:AD13) -> 17 | AF13: =AE13/25 -> 0.68 | AG13: ดี (60-79%)
A14: 10 | B14: พิทยุตม์ สุนทรสุข | C14: ม่อน | D14: ม.4/7 | E14: 46258.335 | F14: 1 | G14: 0 | H14: 0 | I14: 0 | J14: 0 | K14: 1 | L14: 0 | M14: 0 | N14: 1 | O14: 1 | P14: 1 | Q14: 1 | R14: 0 | S14: 1 | T14: 1 | U14: 1 | V14: 0 | W14: 0 | X14: 1 | Y14: 1 | Z14: 1 | AA14: 1 | AB14: 1 | AC14: 1 | AD14: 1 | AE14: =SUM(F14:AD14) -> 16 | AF14: =AE14/25 -> 0.64 | AG14: ดี (60-79%)
A15: 11 | B15: วรวุฒิ หมื่นรัตน์ | C15: เก้า | D15: ม.4/8 | E15: 46255.653 | F15: 1 | G15: 1 | H15: 0 | I15: 1 | J15: 1 | K15: 1 | L15: 1 | M15: 0 | N15: 1 | O15: 1 | P15: 0 | Q15: 0 | R15: 1 | S15: 1 | T15: 1 | U15: 0 | V15: 0 | W15: 0 | X15: 1 | Y15: 0 | Z15: 0 | AA15: 1 | AB15: 1 | AC15: 1 | AD15: 0 | AE15: =SUM(F15:AD15) -> 15 | AF15: =AE15/25 -> 0.6 | AG15: ดี (60-79%)
A16: 12 | B16: นางสาวบัณฑิตา คงใจ | C16: ข้าวฟ่าง | D16: ม.4/7 | E16: 46258.336 | F16: 1 | G16: 0 | H16: 0 | I16: 0 | J16: 1 | K16: 1 | L16: 1 | M16: 0 | N16: 1 | O16: 1 | P16: 1 | Q16: 1 | R16: 0 | S16: 0 | T16: 0 | U16: 1 | V16: 0 | W16: 1 | X16: 1 | Y16: 1 | Z16: 1 | AA16: 1 | AB16: 1 | AC16: 0 | AD16: 0 | AE16: =SUM(F16:AD16) -> 15 | AF16: =AE16/25 -> 0.6 | AG16: ดี (60-79%)
... A32: 28 | B32: ศุภวิชญ์ มูลฑา | C32: แมนยู | D32: ม.4/8 | E32: 46258.332 | F32: 1 | G32: 0 | H32: 0 | I32: 0 | J32: 0 | K32: 0 | L32: 0 | M32: 0 | N32: 0 | O32: 0 | P32: 0 | Q32: 0 | R32: 0 | S32: 1 | T32: 0 | U32: 0 | V32: 0 | W32: 0 | X32: 0 | Y32: 0 | Z32: 0 | AA32: 0 | AB32: 1 | AC32: 1 | AD32: 0 | AE32: =SUM(F32:AD32) -> 4 | AF32: =AE32/25 -> 0.16 | AG32: ต้องปรับปรุง (<40%)
B34: ค่าเฉลี่ย | F34: =AVERAGE(F5:F32) -> 0.64285714 | G34: =AVERAGE(G5:G32) -> 0.25 | H34: =AVERAGE(H5:H32) -> 0.28571429 | I34: =AVERAGE(I5:I32) -> 0.53571429 | J34: =AVERAGE(J5:J32) -> 0.57142857 | K34: =AVERAGE(K5:K32) -> 0.78571429 | L34: =AVERAGE(L5:L32) -> 0.67857143 | M34: =AVERAGE(M5:M32) -> 0.42857143 | ... AE34: =AVERAGE(AE5:AE32) -> 14.035714 | AF34: =AE34/25 -> 0.56142857
B35: สูงสุด | AE35: =MAX(AE5:AE32) -> 23
B36: ต่ำสุด | AE36: =MIN(AE5:AE32) -> 4
B37: มัธยฐาน | AE37: =MEDIAN(AE5:AE32) -> 14
B38: ส่วนเบี่ยงเบนมาตรฐาน | AE38: =STDEV(AE5:AE32) -> 5.4056359
B39: จำนวนผู้ทำแบบทดสอบ | AE39: =COUNT(AE5:AE32) -> 28

Sheet 04_คะแนน_PostTest
A1: คะแนนรายบุคคล — Post Test
A2: 1 = ตอบถูก, 0 = ตอบผิด/ไม่ตอบ | คะแนนเต็ม 25
A4: # | B4: ชื่อ-นามสกุล | C4: ชื่อเล่น | D4: ห้อง | E4: วันที่ทำ | F4: Q1 | G4: Q2 | H4: Q3 | I4: Q4 | J4: Q5 | K4: Q6 | L4: Q7 | M4: Q8 | N4: Q9 | O4: Q10 | P4: Q11 | Q4: Q12 | R4: Q13 | S4: Q14 | T4: Q15 | U4: Q16 | V4: Q17 | W4: Q18 | X4: Q19 | Y4: Q20 | Z4: Q21 | AA4: Q22 | AB4: Q23 | AC4: Q24 | AD4: Q25 | AE4: คะแนนรวม | AF4: ร้อยละ | AG4: ระดับ
A5: 1 | B5: ศุภชัย ละม่อม | C5: บอย | D5: ม.4/8 | E5: 46259.62 | F5: 1 | G5: 1 | H5: 1 | I5: 1 | J5: 1 | K5: 1 | L5: 1 | M5: 1 | N5: 1 | O5: 1 | P5: 1 | Q5: 1 | R5: 1 | S5: 1 | T5: 1 | U5: 1 | V5: 1 | W5: 1 | X5: 1 | Y5: 1 | Z5: 1 | AA5: 1 | AB5: 1 | AC5: 1 | AD5: 1 | AE5: =SUM(F5:AD5) -> 25 | AF5: =AE5/25 -> 1 | AG5: ดีมาก (80%+)
A6: 2 | B6: ปองคุณ ช้างสุวรรณ | C6: ฟีโน่ | D6: ม.4/8 | E6: 46259.609 | F6: 1 | G6: 1 | H6: 1 | I6: 1 | J6: 1 | K6: 1 | L6: 1 | M6: 0 | N6: 1 | O6: 1 | P6: 1 | Q6: 1 | R6: 1 | S6: 1 | T6: 1 | U6: 1 | V6: 1 | W6: 1 | X6: 1 | Y6: 1 | Z6: 1 | AA6: 1 | AB6: 1 | AC6: 1 | AD6: 1 | AE6: =SUM(F6:AD6) -> 24 | AF6: =AE6/25 -> 0.96 | AG6: ดีมาก (80%+)
A7: 3 | B7: อดิศร สุมัน | C7: ฟิว | D7: ม.4/8 | E7: 46259.61 | F7: 1 | G7: 0 | H7: 1 | I7: 1 | J7: 1 | K7: 1 | L7: 1 | M7: 1 | N7: 1 | O7: 1 | P7: 1 | Q7: 1 | R7: 1 | S7: 1 | T7: 1 | U7: 1 | V7: 1 | W7: 1 | X7: 1 | Y7: 1 | Z7: 1 | AA7: 1 | AB7: 1 | AC7: 1 | AD7: 1 | AE7: =SUM(F7:AD7) -> 24 | AF7: =AE7/25 -> 0.96 | AG7: ดีมาก (80%+)
A8: 4 | B8: ณฐกร หริณนิติสุข | C8: อังเดร | D8: ม.4/8 | E8: 46259.608 | F8: 1 | G8: 0 | H8: 0 | I8: 1 | J8: 1 | K8: 1 | L8: 1 | M8: 1 | N8: 1 | O8: 1 | P8: 1 | Q8: 1 | R8: 1 | S8: 1 | T8: 1 | U8: 1 | V8: 1 | W8: 1 | X8: 1 | Y8: 1 | Z8: 1 | AA8: 1 | AB8: 1 | AC8: 1 | AD8: 1 | AE8: =SUM(F8:AD8) -> 23 | AF8: =AE8/25 -> 0.92 | AG8: ดีมาก (80%+)
A9: 5 | B9: นางสาว มนัญญา พาจะโปะ | C9: พลอย | D9: ม.4/8 | E9: 46259.609 | F9: 1 | G9: 1 | H9: 1 | I9: 1 | J9: 1 | K9: 1 | L9: 1 | M9: 1 | N9: 1 | O9: 1 | P9: 1 | Q9: 1 | R9: 1 | S9: 1 | T9: 1 | U9: 1 | V9: 0 | W9: 1 | X9: 1 | Y9: 1 | Z9: 1 | AA9: 1 | AB9: 1 | AC9: 1 | AD9: 0 | AE9: =SUM(F9:AD9) -> 23 | AF9: =AE9/25 -> 0.92 | AG9: ดีมาก (80%+)
A10: 6 | B10: ศรัญญา ผิวงาม | C10: ออนิว | D10: ม.4/8 | E10: 46259.61 | F10: 1 | G10: 1 | H10: 1 | I10: 1 | J10: 1 | K10: 1 | L10: 1 | M10: 1 | N10: 1 | O10: 1 | P10: 1 | Q10: 1 | R10: 1 | S10: 1 | T10: 1 | U10: 1 | V10: 0 | W10: 1 | X10: 1 | Y10: 1 | Z10: 1 | AA10: 1 | AB10: 1 | AC10: 1 | AD10: 0 | AE10: =SUM(F10:AD10) -> 23 | AF10: =AE10/25 -> 0.92 | AG10: ดีมาก (80%+)
A11: 7 | B11: วรภพ ส่งอิ่ม | C11: กัส | D11: ม.4/8 | E11: 46259.611 | F11: 1 | G11: 1 | H11: 1 | I11: 1 | J11: 1 | K11: 1 | L11: 1 | M11: 1 | N11: 1 | O11: 1 | P11: 1 | Q11: 1 | R11: 1 | S11: 1 | T11: 1 | U11: 1 | V11: 1 | W11: 1 | X11: 1 | Y11: 1 | Z11: 1 | AA11: 1 | AB11: 1 | AC11: 0 | AD11: 0 | AE11: =SUM(F11:AD11) -> 23 | AF11: =AE11/25 -> 0.92 | AG11: ดีมาก (80%+)
A12: 8 | B12: ภาณุวัฒน์ ตั้งยศพัฒน์ | C12: เตอร์ | D12: ม.4/7 | E12: 46259.609 | F12: 1 | G12: 1 | H12: 1 | I12: 1 | J12: 1 | K12: 1 | L12: 1 | M12: 1 | N12: 1 | O12: 1 | P12: 1 | Q12: 1 | R12: 1 | S12: 1 | T12: 0 | U12: 0 | V12: 1 | W12: 1 | X12: 1 | Y12: 0 | Z12: 1 | AA12: 1 | AB12: 1 | AC12: 1 | AD12: 1 | AE12: =SUM(F12:AD12) -> 22 | AF12: =AE12/25 -> 0.88 | AG12: ดีมาก (80%+)
A13: 9 | B13: อักษรินทร์ ธีรภวดีธนชุกิจ | C13: เเชมป์ | D13: ม.4/8 | E13: 46259.61 | F13: 1 | G13: 0 | H13: 0 | I13: 0 | J13: 1 | K13: 1 | L13: 1 | M13: 1 | N13: 1 | O13: 1 | P13: 1 | Q13: 1 | R13: 1 | S13: 1 | T13: 1 | U13: 1 | V13: 1 | W13: 1 | X13: 1 | Y13: 1 | Z13: 1 | AA13: 1 | AB13: 1 | AC13: 1 | AD13: 1 | AE13: =SUM(F13:AD13) -> 22 | AF13: =AE13/25 -> 0.88 | AG13: ดีมาก (80%+)
A14: 10 | B14: นส ภัคจิรา ปรางงาม | C14: น้ำ | D14: ม.4/7 | E14: 46259.61 | F14: 0 | G14: 0 | H14: 1 | I14: 1 | J14: 1 | K14: 1 | L14: 0 | M14: 1 | N14: 1 | O14: 1 | P14: 1 | Q14: 1 | R14: 1 | S14: 1 | T14: 1 | U14: 1 | V14: 1 | W14: 1 | X14: 1 | Y14: 1 | Z14: 1 | AA14: 1 | AB14: 1 | AC14: 1 | AD14: 1 | AE14: =SUM(F14:AD14) -> 22 | AF14: =AE14/25 -> 0.88 | AG14: ดีมาก (80%+)
A15: 11 | B15: ธนาภัทร์ รอดเลิศไร่ | C15: แมทธิว | D15: ม.4/8 | E15: 46259.613 | F15: 1 | G15: 0 | H15: 1 | I15: 1 | J15: 1 | K15: 1 | L15: 1 | M15: 1 | N15: 1 | O15: 1 | P15: 1 | Q15: 1 | R15: 0 | S15: 1 | T15: 1 | U15: 1 | V15: 1 | W15: 1 | X15: 0 | Y15: 1 | Z15: 1 | AA15: 1 | AB15: 1 | AC15: 1 | AD15: 1 | AE15: =SUM(F15:AD15) -> 22 | AF15: =AE15/25 -> 0.88 | AG15: ดีมาก (80%+)
A16: 12 | B16: นายวีรภัทร​ ชาตริตานนท์ | C16: ติม | D16: ม.4/7 | E16: 46259.615 | F16: 1 | G16: 0 | H16: 1 | I16: 1 | J16: 1 | K16: 1 | L16: 1 | M16: 1 | N16: 1 | O16: 1 | P16: 1 | Q16: 1 | R16: 0 | S16: 1 | T16: 1 | U16: 1 | V16: 0 | W16: 1 | X16: 1 | Y16: 1 | Z16: 1 | AA16: 1 | AB16: 1 | AC16: 1 | AD16: 1 | AE16: =SUM(F16:AD16) -> 22 | AF16: =AE16/25 -> 0.88 | AG16: ดีมาก (80%+)
... A49: 45 | B49: ณัฐดนัย บุญนก | C49: เฟิส | D49: ม.4/8 | E49: 46259.612 | F49: 1 | G49: 0 | H49: 0 | I49: 0 | J49: 0 | K49: 0 | L49: 0 | M49: 0 | N49: 0 | O49: 0 | P49: 0 | Q49: 1 | R49: 0 | S49: 0 | T49: 0 | U49: 0 | V49: 0 | W49: 1 | X49: 0 | Y49: 0 | Z49: 0 | AA49: 0 | AB49: 0 | AC49: 1 | AD49: 0 | AE49: =SUM(F49:AD49) -> 4 | AF49: =AE49/25 -> 0.16 | AG49: ต้องปรับปรุง (<40%)
B51: ค่าเฉลี่ย | F51: =AVERAGE(F5:F49) -> 0.82222222 | G51: =AVERAGE(G5:G49) -> 0.33333333 | H51: =AVERAGE(H5:H49) -> 0.66666667 | I51: =AVERAGE(I5:I49) -> 0.71111111 | J51: =AVERAGE(J5:J49) -> 0.8 | K51: =AVERAGE(K5:K49) -> 0.86666667 | L51: =AVERAGE(L5:L49) -> 0.73333333 | M51: =AVERAGE(M5:M49) -> 0.48888889 | ... AE51: =AVERAGE(AE5:AE49) -> 18.222222 | AF51: =AE51/25 -> 0.72888889
B52: สูงสุด | AE52: =MAX(AE5:AE49) -> 25
B53: ต่ำสุด | AE53: =MIN(AE5:AE49) -> 4
B54: มัธยฐาน | AE54: =MEDIAN(AE5:AE49) -> 19
B55: ส่วนเบี่ยงเบนมาตรฐาน | AE55: =STDEV(AE5:AE49) -> 4.8330721
B56: จำนวนผู้ทำแบบทดสอบ | AE56: =COUNT(AE5:AE49) -> 45

Sheet 05_เปรียบเทียบ_PrePost
A1: เปรียบเทียบ Pre Test vs Post Test (รายบุคคล)
A2: เฉพาะผู้ที่ทำครบทั้ง 2 ครั้ง = 22 คน | Normalized Gain = (Post-Pre)/(25-Pre)
A4: # | B4: ชื่อ-นามสกุล | C4: ชื่อเล่น | D4: ห้อง | E4: Pre (25) | F4: Post (25) | G4: ผลต่าง | H4: % เปลี่ยนแปลง | I4: Normalized Gain | J4: ผลลัพธ์
A5: 1 | B5: น.สศวรรยา แน๊ะหมัด | C5: ฟ้า | D5: ม.4/7 | E5: 6 | F5: 19 | G5: =F5-E5 -> 13 | H5: =IF(E5=0,"n/a",G5/E5) -> 2.1666667 | I5: =IF(25-E5=0,"n/a",G5/(25-E5)) -> 0.68421053 | J5: =IF(G5>0,"เพิ่มขึ้น",IF(G5=0,"เท่าเดิม","ลดลง")) -> เพิ่มขึ้น
A6: 2 | B6: ศุภวิชญ์ มูลฑา | C6: แมนยู | D6: ม.4/8 | E6: 4 | F6: 13 | G6: =F6-E6 -> 9 | H6: =IF(E6=0,"n/a",G6/E6) -> 2.25 | I6: =IF(25-E6=0,"n/a",G6/(25-E6)) -> 0.42857143 | J6: =IF(G6>0,"เพิ่มขึ้น",IF(G6=0,"เท่าเดิม","ลดลง")) -> เพิ่มขึ้น
A7: 3 | B7: กิตติยา ใจเย็น | C7: เเป้ง | D7: ม.4/7 | E7: 8 | F7: 17 | G7: =F7-E7 -> 9 | H7: =IF(E7=0,"n/a",G7/E7) -> 1.125 | I7: =IF(25-E7=0,"n/a",G7/(25-E7)) -> 0.52941176 | J7: =IF(G7>0,"เพิ่มขึ้น",IF(G7=0,"เท่าเดิม","ลดลง")) -> เพิ่มขึ้น
A8: 4 | B8: เทพนิมิตร ภู่ระหงษ์ | C8: ต้นกล้า | D8: ม.4/7 | E8: 13 | F8: 21 | G8: =F8-E8 -> 8 | H8: =IF(E8=0,"n/a",G8/E8) -> 0.61538462 | I8: =IF(25-E8=0,"n/a",G8/(25-E8)) -> 0.66666667 | J8: =IF(G8>0,"เพิ่มขึ้น",IF(G8=0,"เท่าเดิม","ลดลง")) -> เพิ่มขึ้น
A9: 5 | B9: น.ส.สุวิมล สิทธิพรหม | C9: กระต่าย | D9: ม.4/8 | E9: 14 | F9: 21 | G9: =F9-E9 -> 7 | H9: =IF(E9=0,"n/a",G9/E9) -> 0.5 | I9: =IF(25-E9=0,"n/a",G9/(25-E9)) -> 0.63636364 | J9: =IF(G9>0,"เพิ่มขึ้น",IF(G9=0,"เท่าเดิม","ลดลง")) -> เพิ่มขึ้น
A10: 6 | B10: ณิชชา นาสมใจ | C10: น้ำ | D10: ม.4/7 | E10: 11 | F10: 18 | G10: =F10-E10 -> 7 | H10: =IF(E10=0,"n/a",G10/E10) -> 0.63636364 | I10: =IF(25-E10=0,"n/a",G10/(25-E10)) -> 0.5 | J10: =IF(G10>0,"เพิ่มขึ้น",IF(G10=0,"เท่าเดิม","ลดลง")) -> เพิ่มขึ้น
A11: 7 | B11: พิทยุตม์ สุนทรสุข | C11: ม่อน | D11: ม.4/7 | E11: 16 | F11: 21 | G11: =F11-E11 -> 5 | H11: =IF(E11=0,"n/a",G11/E11) -> 0.3125 | I11: =IF(25-E11=0,"n/a",G11/(25-E11)) -> 0.55555556 | J11: =IF(G11>0,"เพิ่มขึ้น",IF(G11=0,"เท่าเดิม","ลดลง")) -> เพิ่มขึ้น
A12: 8 | B12: นางสาวบัณฑิตา คงใจ | C12: ข้าวฟ่าง | D12: ม.4/7 | E12: 15 | F12: 20 | G12: =F12-E12 -> 5 | H12: =IF(E12=0,"n/a",G12/E12) -> 0.33333333 | I12: =IF(25-E12=0,"n/a",G12/(25-E12)) -> 0.5 | J12: =IF(G12>0,"เพิ่มขึ้น",IF(G12=0,"เท่าเดิม","ลดลง")) -> เพิ่มขึ้น
A13: 9 | B13: นนทกรณ์ รุ่งทัพพ่วง | C13: กร(น้องนนนี่)🫶🏻 | D13: ม.4/8 | E13: 14 | F13: 18 | G13: =F13-E13 -> 4 | H13: =IF(E13=0,"n/a",G13/E13) -> 0.28571429 | I13: =IF(25-E13=0,"n/a",G13/(25-E13)) -> 0.36363636 | J13: =IF(G13>0,"เพิ่มขึ้น",IF(G13=0,"เท่าเดิม","ลดลง")) -> เพิ่มขึ้น
A14: 10 | B14: นส ภัคจิรา ปรางงาม | C14: น้ำ | D14: ม.4/7 | E14: 18 | F14: 22 | G14: =F14-E14 -> 4 | H14: =IF(E14=0,"n/a",G14/E14) -> 0.22222222 | I14: =IF(25-E14=0,"n/a",G14/(25-E14)) -> 0.57142857 | J14: =IF(G14>0,"เพิ่มขึ้น",IF(G14=0,"เท่าเดิม","ลดลง")) -> เพิ่มขึ้น
A15: 11 | B15: สิทธิชัย บุญนนท์ | C15: โด้ | D15: ม.4/8 | E15: 9 | F15: 13 | G15: =F15-E15 -> 4 | H15: =IF(E15=0,"n/a",G15/E15) -> 0.44444444 | I15: =IF(25-E15=0,"n/a",G15/(25-E15)) -> 0.25 | J15: =IF(G15>0,"เพิ่มขึ้น",IF(G15=0,"เท่าเดิม","ลดลง")) -> เพิ่มขึ้น
A16: 12 | B16: อาทิตย์ บูรณะไพบูลย์ | C16: เบส | D16: ม.4/7 | E16: 15 | F16: 19 | G16: =F16-E16 -> 4 | H16: =IF(E16=0,"n/a",G16/E16) -> 0.26666667 | I16: =IF(25-E16=0,"n/a",G16/(25-E16)) -> 0.4 | J16: =IF(G16>0,"เพิ่มขึ้น",IF(G16=0,"เท่าเดิม","ลดลง")) -> เพิ่มขึ้น
... A26: 22 | B26: รีมา เชรฐตรี | C26: รีมา | D26: ม.4/7 | E26: 23 | F26: 19 | G26: =F26-E26 -> -4 | H26: =IF(E26=0,"n/a",G26/E26) -> -0.17391304 | I26: =IF(25-E26=0,"n/a",G26/(25-E26)) -> -2 | J26: =IF(G26>0,"เพิ่มขึ้น",IF(G26=0,"เท่าเดิม","ลดลง")) -> ลดลง
B28: ค่าเฉลี่ย Pre | F28: =AVERAGE(E5:E26) -> 14.545455
B29: ค่าเฉลี่ย Post | F29: =AVERAGE(F5:F26) -> 18.181818
B30: ผลต่างเฉลี่ย | F30: =AVERAGE(G5:G26) -> 3.6363636
B31: อัตราการเพิ่มขึ้นเฉลี่ย (%) | F31: =IF(AVERAGE(E5:E26)=0,"n/a",AVERAGE(G5:G26)/AVERAGE(E5:E26)) -> 0.25
B32: Normalized Gain เฉลี่ย | F32: =AVERAGE(I5:I26) -> 0.17501988
B33: จำนวนที่คะแนนเพิ่มขึ้น | F33: =COUNTIF(G5:G26,">0") -> 17
B34: จำนวนที่คะแนนเท่าเดิม | F34: =COUNTIF(G5:G26,"=0") -> 0
B35: จำนวนที่คะแนนลดลง | F35: =COUNTIF(G5:G26,"<0") -> 5

Sheet 06_วิเคราะห์รายข้อ
A1: วิเคราะห์รายข้อ (Item Analysis)
A2: % ผู้ตอบถูกในแต่ละข้อ — ข้อที่ % ต่ำคือหัวข้อที่ควรเน้นสอนซ้ำ
A4: ข้อ | B4: หมวด | C4: ประเด็น | D4: คำตอบที่ถูก | E4: % ถูก Pre | F4: % ถูก Post | G4: ผลต่าง (จุด %) | H4: สถานะ
A5: 1 | B5: รายรับ-รายจ่าย | C5: ไม่เป็นรายรับ | D5: วงเงินบัตรเครดิต | E5: =AVERAGE(03_คะแนน_PreTest!F5:F32) -> 0.64285714 | F5: =AVERAGE(04_คะแนน_PostTest!F5:F49) -> 0.82222222 | G5: =F5-E5 -> 0.17936508 | H5: =IF(G5>0.05,"ดีขึ้นชัดเจน",IF(G5<-0.05,"แย่ลง","ใกล้เคียงเดิม")) -> ดีขึ้นชัดเจน
A6: 2 | B6: รายรับ-รายจ่าย | C6: บริหารกระแสเงินสด | D6: รับทุกสิ้นวัน วันละ 500 บาท | E6: =AVERAGE(03_คะแนน_PreTest!G5:G32) -> 0.25 | F6: =AVERAGE(04_คะแนน_PostTest!G5:G49) -> 0.33333333 | G6: =F6-E6 -> 0.083333333 | H6: =IF(G6>0.05,"ดีขึ้นชัดเจน",IF(G6<-0.05,"แย่ลง","ใกล้เคียงเดิม")) -> ดีขึ้นชัดเจน
A7: 3 | B7: รายรับ-รายจ่าย | C7: ดอกเบี้ยทบต้น 2 ปี | D7: 121 บาท | E7: =AVERAGE(03_คะแนน_PreTest!H5:H32) -> 0.28571429 | F7: =AVERAGE(04_คะแนน_PostTest!H5:H49) -> 0.66666667 | G7: =F7-E7 -> 0.38095238 | H7: =IF(G7>0.05,"ดีขึ้นชัดเจน",IF(G7<-0.05,"แย่ลง","ใกล้เคียงเดิม")) -> ดีขึ้นชัดเจน
A8: 4 | B8: พฤติกรรมผู้บริโภค | C8: อคติผู้บริโภค | D8: SIMILARITY BIAS | E8: =AVERAGE(03_คะแนน_PreTest!I5:I32) -> 0.53571429 | F8: =AVERAGE(04_คะแนน_PostTest!I5:I49) -> 0.71111111 | G8: =F8-E8 -> 0.17539683 | H8: =IF(G8>0.05,"ดีขึ้นชัดเจน",IF(G8<-0.05,"แย่ลง","ใกล้เคียงเดิม")) -> ดีขึ้นชัดเจน
A9: 5 | B9: พฤติกรรมผู้บริโภค | C9: ค่าใช้จ่ายจำเป็นน้อยสุด | D9: นาฬิกาข้อมือ | E9: =AVERAGE(03_คะแนน_PreTest!J5:J32) -> 0.57142857 | F9: =AVERAGE(04_คะแนน_PostTest!J5:J49) -> 0.8 | G9: =F9-E9 -> 0.22857143 | H9: =IF(G9>0.05,"ดีขึ้นชัดเจน",IF(G9<-0.05,"แย่ลง","ใกล้เคียงเดิม")) -> ดีขึ้นชัดเจน
A10: 6 | B10: พฤติกรรมผู้บริโภค | C10: ลดรายจ่ายเพื่อเป้าหมาย | D10: น้ำอัดลม → น้ำเปล่า เพื่อซ่อมมือถือ | E10: =AVERAGE(03_คะแนน_PreTest!K5:K32) -> 0.78571429 | F10: =AVERAGE(04_คะแนน_PostTest!K5:K49) -> 0.86666667 | G10: =F10-E10 -> 0.080952381 | H10: =IF(G10>0.05,"ดีขึ้นชัดเจน",IF(G10<-0.05,"แย่ลง","ใกล้เคียงเดิม")) -> ดีขึ้นชัดเจน
A11: 7 | B11: พฤติกรรมผู้บริโภค | C11: ข้อผิดในการเลือกซื้อ | D11: ซื้อของถูกผิดปกติทันที | E11: =AVERAGE(03_คะแนน_PreTest!L5:L32) -> 0.67857143 | F11: =AVERAGE(04_คะแนน_PostTest!L5:L49) -> 0.73333333 | G11: =F11-E11 -> 0.054761905 | H11: =IF(G11>0.05,"ดีขึ้นชัดเจน",IF(G11<-0.05,"แย่ลง","ใกล้เคียงเดิม")) -> ดีขึ้นชัดเจน
A12: 8 | B12: พฤติกรรมผู้บริโภค | C12: ความคุ้มค่าต่อหน่วย | D12: กล่องเล็ก 2 กล่อง (8 บาท) | E12: =AVERAGE(03_คะแนน_PreTest!M5:M32) -> 0.42857143 | F12: =AVERAGE(04_คะแนน_PostTest!M5:M49) -> 0.48888889 | G12: =F12-E12 -> 0.06031746 | H12: =IF(G12>0.05,"ดีขึ้นชัดเจน",IF(G12<-0.05,"แย่ลง","ใกล้เคียงเดิม")) -> ดีขึ้นชัดเจน
A13: 9 | B13: พฤติกรรมผู้บริโภค | C13: หลักการเลือกซื้อ | D13: คุณภาพที่จำเป็น ราคาเหมาะสม | E13: =AVERAGE(03_คะแนน_PreTest!N5:N32) -> 0.82142857 | F13: =AVERAGE(04_คะแนน_PostTest!N5:N49) -> 0.88888889 | G13: =F13-E13 -> 0.067460317 | H13: =IF(G13>0.05,"ดีขึ้นชัดเจน",IF(G13<-0.05,"แย่ลง","ใกล้เคียงเดิม")) -> ดีขึ้นชัดเจน
A14: 10 | B14: การออม/เป้าหมาย | C14: ออมเงินต่อสัปดาห์ | D14: 30 บาท/สัปดาห์ | E14: =AVERAGE(03_คะแนน_PreTest!O5:O32) -> 0.67857143 | F14: =AVERAGE(04_คะแนน_PostTest!O5:O49) -> 0.88888889 | G14: =F14-E14 -> 0.21031746 | H14: =IF(G14>0.05,"ดีขึ้นชัดเจน",IF(G14<-0.05,"แย่ลง","ใกล้เคียงเดิม")) -> ดีขึ้นชัดเจน
A15: 11 | B15: การออม/เป้าหมาย | C15: ส่วนต่างที่ต้องเพิ่ม | D15: 10 บาท/สัปดาห์ | E15: =AVERAGE(03_คะแนน_PreTest!P5:P32) -> 0.5 | F15: =AVERAGE(04_คะแนน_PostTest!P5:P49) -> 0.73333333 | G15: =F15-E15 -> 0.23333333 | H15: =IF(G15>0.05,"ดีขึ้นชัดเจน",IF(G15<-0.05,"แย่ลง","ใกล้เคียงเดิม")) -> ดีขึ้นชัดเจน
A16: 12 | B16: การออม/เป้าหมาย | C16: เงินไม่พอเป้าหมาย | D16: ตัดรายจ่ายที่ไม่จำเป็นออกก่อน | E16: =AVERAGE(03_คะแนน_PreTest!Q5:Q32) -> 0.67857143 | F16: =AVERAGE(04_คะแนน_PostTest!Q5:Q49) -> 0.77777778 | G16: =F16-E16 -> 0.099206349 | H16: =IF(G16>0.05,"ดีขึ้นชัดเจน",IF(G16<-0.05,"แย่ลง","ใกล้เคียงเดิม")) -> ดีขึ้นชัดเจน
A17: 13 | B17: หนี้สิน/สินทรัพย์ | C17: เงินต้นคงเหลือ | D17: 800 บาท | E17: =AVERAGE(03_คะแนน_PreTest!R5:R32) -> 0.32142857 | F17: =AVERAGE(04_คะแนน_PostTest!R5:R49) -> 0.66666667 | G17: =F17-E17 -> 0.3452381 | H17: =IF(G17>0.05,"ดีขึ้นชัดเจน",IF(G17<-0.05,"แย่ลง","ใกล้เคียงเดิม")) -> ดีขึ้นชัดเจน
A18: 14 | B18: หนี้สิน/สินทรัพย์ | C18: ไม่ใช่สินทรัพย์ | D18: วงเงินบัตรเครดิต | E18: =AVERAGE(03_คะแนน_PreTest!S5:S32) -> 0.35714286 | F18: =AVERAGE(04_คะแนน_PostTest!S5:S49) -> 0.62222222 | G18: =F18-E18 -> 0.26507937 | H18: =IF(G18>0.05,"ดีขึ้นชัดเจน",IF(G18<-0.05,"แย่ลง","ใกล้เคียงเดิม")) -> ดีขึ้นชัดเจน
A19: 15 | B19: หนี้สิน/สินทรัพย์ | C19: ตัวชี้วัดฐานะการเงิน | D19: ความมั่งคั่งสุทธิ | E19: =AVERAGE(03_คะแนน_PreTest!T5:T32) -> 0.5 | F19: =AVERAGE(04_คะแนน_PostTest!T5:T49) -> 0.62222222 | G19: =F19-E19 -> 0.12222222 | H19: =IF(G19>0.05,"ดีขึ้นชัดเจน",IF(G19<-0.05,"แย่ลง","ใกล้เคียงเดิม")) -> ดีขึ้นชัดเจน
A20: 16 | B20: หนี้สิน/สินทรัพย์ | C20: หนี้สินที่ดี | D20: กู้เพื่อการศึกษาแล้วจ่ายคืนได้ | E20: =AVERAGE(03_คะแนน_PreTest!U5:U32) -> 0.75 | F20: =AVERAGE(04_คะแนน_PostTest!U5:U49) -> 0.82222222 | G20: =F20-E20 -> 0.072222222 | H20: =IF(G20>0.05,"ดีขึ้นชัดเจน",IF(G20<-0.05,"แย่ลง","ใกล้เคียงเดิม")) -> ดีขึ้นชัดเจน
A21: 17 | B21: ธุรกิจ/รายได้ | C21: หลักการเงิน 4 ด้าน | D21: E ลูกจ้าง และ I นักลงทุน | E21: =AVERAGE(03_คะแนน_PreTest!V5:V32) -> 0.14285714 | F21: =AVERAGE(04_คะแนน_PostTest!V5:V49) -> 0.53333333 | G21: =F21-E21 -> 0.39047619 | H21: =IF(G21>0.05,"ดีขึ้นชัดเจน",IF(G21<-0.05,"แย่ลง","ใกล้เคียงเดิม")) -> ดีขึ้นชัดเจน
A22: 18 | B22: ธุรกิจ/รายได้ | C22: ปัจจัยพื้นฐานธุรกิจ | D22: ถูกทุกข้อ | E22: =AVERAGE(03_คะแนน_PreTest!W5:W32) -> 0.64285714 | F22: =AVERAGE(04_คะแนน_PostTest!W5:W49) -> 0.93333333 | G22: =F22-E22 -> 0.29047619 | H22: =IF(G22>0.05,"ดีขึ้นชัดเจน",IF(G22<-0.05,"แย่ลง","ใกล้เคียงเดิม")) -> ดีขึ้นชัดเจน
A23: 19 | B23: ธุรกิจ/รายได้ | C23: จุดคุ้มทุน (จาน) | D23: 10 จาน | E23: =AVERAGE(03_คะแนน_PreTest!X5:X32) -> 0.42857143 | F23: =AVERAGE(04_คะแนน_PostTest!X5:X49) -> 0.68888889 | G23: =F23-E23 -> 0.26031746 | H23: =IF(G23>0.05,"ดีขึ้นชัดเจน",IF(G23<-0.05,"แย่ลง","ใกล้เคียงเดิม")) -> ดีขึ้นชัดเจน
A24: 20 | B24: ธุรกิจ/รายได้ | C24: ระยะเวลาคืนทุน (วัน) | D24: 2 วัน | E24: =AVERAGE(03_คะแนน_PreTest!Y5:Y32) -> 0.57142857 | F24: =AVERAGE(04_คะแนน_PostTest!Y5:Y49) -> 0.62222222 | G24: =F24-E24 -> 0.050793651 | H24: =IF(G24>0.05,"ดีขึ้นชัดเจน",IF(G24<-0.05,"แย่ลง","ใกล้เคียงเดิม")) -> ดีขึ้นชัดเจน
A25: 21 | B25: การลงทุน | C25: นิยามการลงทุน | D25: ซื้อสินทรัพย์โดยหวังผลตอบแทน | E25: =AVERAGE(03_คะแนน_PreTest!Z5:Z32) -> 0.64285714 | F25: =AVERAGE(04_คะแนน_PostTest!Z5:Z49) -> 0.95555556 | G25: =F25-E25 -> 0.31269841 | H25: =IF(G25>0.05,"ดีขึ้นชัดเจน",IF(G25<-0.05,"แย่ลง","ใกล้เคียงเดิม")) -> ดีขึ้นชัดเจน
A26: 22 | B26: การลงทุน | C26: นิยามความเสี่ยง | D26: ความไม่แน่นอนของผลตอบแทน | E26: =AVERAGE(03_คะแนน_PreTest!AA5:AA32) -> 0.82142857 | F26: =AVERAGE(04_คะแนน_PostTest!AA5:AA49) -> 0.84444444 | G26: =F26-E26 -> 0.023015873 | H26: =IF(G26>0.05,"ดีขึ้นชัดเจน",IF(G26<-0.05,"แย่ลง","ใกล้เคียงเดิม")) -> ใกล้เคียงเดิม
A27: 23 | B27: การลงทุน | C27: พฤติกรรมลงทุนที่ดี | D27: ศึกษาข้อมูล + กระจายความเสี่ยง | E27: =AVERAGE(03_คะแนน_PreTest!AB5:AB32) -> 0.92857143 | F27: =AVERAGE(04_คะแนน_PostTest!AB5:AB49) -> 0.8 | G27: =F27-E27 -> -0.12857143 | H27: =IF(G27>0.05,"ดีขึ้นชัดเจน",IF(G27<-0.05,"แย่ลง","ใกล้เคียงเดิม")) -> แย่ลง
A28: 24 | B28: การลงทุน | C28: กองทุนรวม | D28: รวมเงินให้ผู้จัดการกองทุนลงทุน | E28: =AVERAGE(03_คะแนน_PreTest!AC5:AC32) -> 0.64285714 | F28: =AVERAGE(04_คะแนน_PostTest!AC5:AC49) -> 0.68888889 | G28: =F28-E28 -> 0.046031746 | H28: =IF(G28>0.05,"ดีขึ้นชัดเจน",IF(G28<-0.05,"แย่ลง","ใกล้เคียงเดิม")) -> ใกล้เคียงเดิม
A29: 25 | B29: การลงทุน | C29: สินทรัพย์เสี่ยงสูงสุด | D29: เปิดธุรกิจของตัวเอง | E29: =AVERAGE(03_คะแนน_PreTest!AD5:AD32) -> 0.42857143 | F29: =AVERAGE(04_คะแนน_PostTest!AD5:AD49) -> 0.71111111 | G29: =F29-E29 -> 0.28253968 | H29: =IF(G29>0.05,"ดีขึ้นชัดเจน",IF(G29<-0.05,"แย่ลง","ใกล้เคียงเดิม")) -> ดีขึ้นชัดเจน

Sheet 07_วิเคราะห์รายหมวด
A1: วิเคราะห์รายหมวดความรู้ (Topic Analysis)
A2: ค่าเฉลี่ย % ตอบถูกของข้อในแต่ละหมวด
A4: หมวดความรู้ | B4: จำนวนข้อ | C4: ข้อที่ | D4: % ถูก Pre | E4: % ถูก Post | F4: ผลต่าง (จุด %) | G4: อัตราเพิ่ม (%)
A5: รายรับ-รายจ่าย | B5: 3 | C5: 1, 2, 3 | D5: =(06_วิเคราะห์รายข้อ!E5+06_วิเคราะห์รายข้อ!E6+06_วิเคราะห์รายข้อ!E7)/3 -> 0.39285714 | E5: =(06_วิเคราะห์รายข้อ!F5+06_วิเคราะห์รายข้อ!F6+06_วิเคราะห์รายข้อ!F7)/3 -> 0.60740741 | F5: =E5-D5 -> 0.21455026 | G5: =IF(D5=0,"n/a",F5/D5) -> 0.54612795
A6: พฤติกรรมผู้บริโภค | B6: 6 | C6: 4, 5, 6, 7, 8, 9 | D6: =(06_วิเคราะห์รายข้อ!E8+06_วิเคราะห์รายข้อ!E9+06_วิเคราะห์รายข้อ!E10+06_วิเคราะห์รายข้อ!E11+06_วิเคราะห์รายข้อ!E12+06_วิเคราะห์รายข้อ!E13)/6 -> 0.63690476 | E6: =(06_วิเคราะห์รายข้อ!F8+06_วิเคราะห์รายข้อ!F9+06_วิเคราะห์รายข้อ!F10+06_วิเคราะห์รายข้อ!F11+06_วิเคราะห์รายข้อ!F12+06_วิเคราะห์รายข้อ!F13)/6 -> 0.74814815 | F6: =E6-D6 -> 0.11124339 | G6: =IF(D6=0,"n/a",F6/D6) -> 0.17466251
A7: การออม/เป้าหมาย | B7: 3 | C7: 10, 11, 12 | D7: =(06_วิเคราะห์รายข้อ!E14+06_วิเคราะห์รายข้อ!E15+06_วิเคราะห์รายข้อ!E16)/3 -> 0.61904762 | E7: =(06_วิเคราะห์รายข้อ!F14+06_วิเคราะห์รายข้อ!F15+06_วิเคราะห์รายข้อ!F16)/3 -> 0.8 | F7: =E7-D7 -> 0.18095238 | G7: =IF(D7=0,"n/a",F7/D7) -> 0.29230769
A8: หนี้สิน/สินทรัพย์ | B8: 4 | C8: 13, 14, 15, 16 | D8: =(06_วิเคราะห์รายข้อ!E17+06_วิเคราะห์รายข้อ!E18+06_วิเคราะห์รายข้อ!E19+06_วิเคราะห์รายข้อ!E20)/4 -> 0.48214286 | E8: =(06_วิเคราะห์รายข้อ!F17+06_วิเคราะห์รายข้อ!F18+06_วิเคราะห์รายข้อ!F19+06_วิเคราะห์รายข้อ!F20)/4 -> 0.68333333 | F8: =E8-D8 -> 0.20119048 | G8: =IF(D8=0,"n/a",F8/D8) -> 0.41728395
A9: ธุรกิจ/รายได้ | B9: 4 | C9: 17, 18, 19, 20 | D9: =(06_วิเคราะห์รายข้อ!E21+06_วิเคราะห์รายข้อ!E22+06_วิเคราะห์รายข้อ!E23+06_วิเคราะห์รายข้อ!E24)/4 -> 0.44642857 | E9: =(06_วิเคราะห์รายข้อ!F21+06_วิเคราะห์รายข้อ!F22+06_วิเคราะห์รายข้อ!F23+06_วิเคราะห์รายข้อ!F24)/4 -> 0.69444444 | F9: =E9-D9 -> 0.24801587 | G9: =IF(D9=0,"n/a",F9/D9) -> 0.55555556
A10: การลงทุน | B10: 5 | C10: 21, 22, 23, 24, 25 | D10: =(06_วิเคราะห์รายข้อ!E25+06_วิเคราะห์รายข้อ!E26+06_วิเคราะห์รายข้อ!E27+06_วิเคราะห์รายข้อ!E28+06_วิเคราะห์รายข้อ!E29)/5 -> 0.69285714 | E10: =(06_วิเคราะห์รายข้อ!F25+06_วิเคราะห์รายข้อ!F26+06_วิเคราะห์รายข้อ!F27+06_วิเคราะห์รายข้อ!F28+06_วิเคราะห์รายข้อ!F29)/5 -> 0.8 | F10: =E10-D10 -> 0.10714286 | G10: =IF(D10=0,"n/a",F10/D10) -> 0.15463918

Sheet 08_แยกตามห้อง
A1: เปรียบเทียบตามห้องเรียน
A2: ใช้เฉพาะผู้ที่ทำครบทั้ง 2 ครั้ง สำหรับคอลัมน์ผลต่าง
A4: ห้อง | B4: จำนวน Pre | C4: เฉลี่ย Pre | D4: จำนวน Post | E4: เฉลี่ย Post | F4: จำนวนจับคู่ได้ | G4: เฉลี่ยผลต่าง | H4: เฉลี่ย Pre (เฉพาะจับคู่)
A5: ม.4/7 | B5: =COUNTIF(03_คะแนน_PreTest!D5:D32,A5) -> 16 | C5: =IFERROR(AVERAGEIF(03_คะแนน_PreTest!D5:D32,A5,03_คะแนน_PreTest!AE5:AE32),"-") -> 15.125 | D5: =COUNTIF(04_คะแนน_PostTest!D5:D49,A5) -> 22 | E5: =IFERROR(AVERAGEIF(04_คะแนน_PostTest!D5:D49,A5,04_คะแนน_PostTest!AE5:AE49),"-") -> 17.545455 | F5: =COUNTIF(05_เปรียบเทียบ_PrePost!D5:D26,A5) -> 13 | G5: =IFERROR(AVERAGEIF(05_เปรียบเทียบ_PrePost!D5:D26,A5,05_เปรียบเทียบ_PrePost!G5:G26),"-") -> 3.6923077 | H5: =IFERROR(AVERAGEIF(05_เปรียบเทียบ_PrePost!D5:D26,A5,05_เปรียบเทียบ_PrePost!E5:E26),"-") -> 16
A6: ม.4/8 | B6: =COUNTIF(03_คะแนน_PreTest!D5:D32,A6) -> 12 | C6: =IFERROR(AVERAGEIF(03_คะแนน_PreTest!D5:D32,A6,03_คะแนน_PreTest!AE5:AE32),"-") -> 12.583333 | D6: =COUNTIF(04_คะแนน_PostTest!D5:D49,A6) -> 23 | E6: =IFERROR(AVERAGEIF(04_คะแนน_PostTest!D5:D49,A6,04_คะแนน_PostTest!AE5:AE49),"-") -> 18.869565 | F6: =COUNTIF(05_เปรียบเทียบ_PrePost!D5:D26,A6) -> 9 | G6: =IFERROR(AVERAGEIF(05_เปรียบเทียบ_PrePost!D5:D26,A6,05_เปรียบเทียบ_PrePost!G5:G26),"-") -> 3.5555556 | H6: =IFERROR(AVERAGEIF(05_เปรียบเทียบ_PrePost!D5:D26,A6,05_เปรียบเทียบ_PrePost!E5:E26),"-") -> 12.444444

Sheet 09_การกระจายคะแนน
A1: การกระจายคะแนน (Score Distribution)
A2: ใช้ทำกราฟแท่ง/ฮิสโตแกรม เปรียบเทียบ Pre vs Post
A4: ช่วงคะแนน | B4: ระดับ | C4: จำนวนคน Pre | D4: จำนวนคน Post | E4: % Pre | F4: % Post
A5: 0-4 | B5: ต้องปรับปรุงมาก | C5: =COUNTIFS(03_คะแนน_PreTest!AE5:AE32,">="&0,03_คะแนน_PreTest!AE5:AE32,"<="&4) -> 1 | D5: =COUNTIFS(04_คะแนน_PostTest!AE5:AE49,">="&0,04_คะแนน_PostTest!AE5:AE49,"<="&4) -> 1 | E5: =C5/SUM($C$5:$C$9) -> 0.035714286 | F5: =D5/SUM($D$5:$D$9) -> 0.022222222
A6: 5-9 | B6: ต้องปรับปรุง | C6: =COUNTIFS(03_คะแนน_PreTest!AE5:AE32,">="&5,03_คะแนน_PreTest!AE5:AE32,"<="&9) -> 6 | D6: =COUNTIFS(04_คะแนน_PostTest!AE5:AE49,">="&5,04_คะแนน_PostTest!AE5:AE49,"<="&9) -> 3 | E6: =C6/SUM($C$5:$C$9) -> 0.21428571 | F6: =D6/SUM($D$5:$D$9) -> 0.066666667
A7: 10-14 | B7: พอใช้ | C7: =COUNTIFS(03_คะแนน_PreTest!AE5:AE32,">="&10,03_คะแนน_PreTest!AE5:AE32,"<="&14) -> 8 | D7: =COUNTIFS(04_คะแนน_PostTest!AE5:AE49,">="&10,04_คะแนน_PostTest!AE5:AE49,"<="&14) -> 5 | E7: =C7/SUM($C$5:$C$9) -> 0.28571429 | F7: =D7/SUM($D$5:$D$9) -> 0.11111111
A8: 15-19 | B8: ดี | C8: =COUNTIFS(03_คะแนน_PreTest!AE5:AE32,">="&15,03_คะแนน_PreTest!AE5:AE32,"<="&19) -> 8 | D8: =COUNTIFS(04_คะแนน_PostTest!AE5:AE49,">="&15,04_คะแนน_PostTest!AE5:AE49,"<="&19) -> 16 | E8: =C8/SUM($C$5:$C$9) -> 0.28571429 | F8: =D8/SUM($D$5:$D$9) -> 0.35555556
A9: 20-25 | B9: ดีมาก | C9: =COUNTIFS(03_คะแนน_PreTest!AE5:AE32,">="&20,03_คะแนน_PreTest!AE5:AE32,"<="&25) -> 5 | D9: =COUNTIFS(04_คะแนน_PostTest!AE5:AE49,">="&20,04_คะแนน_PostTest!AE5:AE49,"<="&25) -> 20 | E9: =C9/SUM($C$5:$C$9) -> 0.17857143 | F9: =D9/SUM($D$5:$D$9) -> 0.44444444
B10: รวม | C10: =SUM(C5:C9) -> 28 | D10: =SUM(D5:D9) -> 45

Sheet 10_พฤติกรรมการเงิน
A1: พฤติกรรมการเงิน (5 ข้อ) — เปรียบเทียบ Pre vs Post
A2: คำถามปลายเปิด/เลือกตอบ ไม่คิดคะแนน | นับความถี่ของคำตอบ
A4: 1. การบันทึกรายรับ-รายจ่าย
A5: คำตอบ | B5: จำนวน Pre | C5: % Pre | D5: จำนวน Post | E5: % Post | F5: ผลต่าง (จุด %)
A6: 3) ทำบ้างไม่ทำบ้าง | B6: 11 | C6: 0.39285714 | D6: 14 | E6: 0.31111111 | F6: =E6-C6 -> -0.081746032
A7: 2) เคยทำแต่ไม่ได้ทำแล้ว | B7: 7 | C7: 0.25 | D7: 17 | E7: 0.37777778 | F7: =E7-C7 -> 0.12777778
A8: 4) ทำอยู่สม่ำเสมอ | B8: 8 | C8: 0.28571429 | D8: 5 | E8: 0.11111111 | F8: =E8-C8 -> -0.17460317
A9: 1) ไม่ได้ทำเลย | B9: 2 | C9: 0.071428571 | D9: 9 | E9: 0.2 | F9: =E9-C9 -> 0.12857143
A10: รวมผู้ตอบ | B10: =SUM(B6:B9) -> 28 | D10: =SUM(D6:D9) -> 45
A13: 2. การวางเป้าหมายทางการเงิน
A14: คำตอบ | B14: จำนวน Pre | C14: % Pre | D14: จำนวน Post | E14: % Post | F14: ผลต่าง (จุด %)
A15: 4) เคยทำสำเร็จแล้ว | B15: 12 | C15: 0.42857143 | D15: 25 | E15: 0.55555556 | F15: =E15-C15 -> 0.12698413
A16: 3) เคยทำแต่ไม่สำเร็จ | B16: 12 | C16: 0.42857143 | D16: 16 | E16: 0.35555556 | F16: =E16-C16 -> -0.073015873
A17: 2) ไม่เคยทำ | B17: 4 | C17: 0.14285714 | D17: 4 | E17: 0.088888889 | F17: =E17-C17 -> -0.053968254
A18: รวมผู้ตอบ | B18: =SUM(B15:B17) -> 28 | D18: =SUM(D15:D17) -> 45
A21: 3. การหารายได้
A22: คำตอบ | B22: จำนวน Pre | C22: % Pre | D22: จำนวน Post | E22: % Post | F22: ผลต่าง (จุด %)
A23: 2) เคยคิดจะทำ | B23: 13 | C23: 0.46428571 | D23: 17 | E23: 0.37777778 | F23: =E23-C23 -> -0.086507937
A24: 3) เคยทำ | B24: 9 | C24: 0.32142857 | D24: 18 | E24: 0.4 | F24: =E24-C24 -> 0.078571429
A25: 4) ทำอยู่สม่ำเสมอ | B25: 2 | C25: 0.071428571 | D25: 7 | E25: 0.15555556 | F25: =E25-C25 -> 0.084126984
A26: 1) ยังไม่ได้คิดจะทำ | B26: 4 | C26: 0.14285714 | D26: 3 | E26: 0.066666667 | F26: =E26-C26 -> -0.076190476
A27: รวมผู้ตอบ | B27: =SUM(B23:B26) -> 28 | D27: =SUM(D23:D26) -> 45
A30: 4. เคยเป็นเจ้าหนี้หรือให้คนอื่นยืมเงินมั้ย?
A31: คำตอบ | B31: จำนวน Pre | C31: % Pre | D31: จำนวน Post | E31: % Post | F31: ผลต่าง (จุด %)
A32: 2) เคยให้ ได้คืนบ้างไม่ได้บ้าง | B32: 15 | C32: 0.53571429 | D32: 15 | E32: 0.33333333 | F32: =E32-C32 -> -0.20238095
A33: 3) เคย แต่ได้คืนตลอด | B33: 7 | C33: 0.25 | D33: 15 | E33: 0.33333333 | F33: =E33-C33 -> 0.083333333
A34: 4) ไม่เคยเลย | B34: 6 | C34: 0.21428571 | D34: 12 | E34: 0.26666667 | F34: =E34-C34 -> 0.052380952
A35: 1) เคย ไม่เคยได้คืนเลย | B35: 0 | C35: 0 | D35: 3 | E35: 0.066666667 | F35: =E35-C35 -> 0.066666667
A36: รวมผู้ตอบ | B36: =SUM(B32:B35) -> 28 | D36: =SUM(D32:D35) -> 45
A39: 5. เคยยืมเงินคนอื่นมั้ย?
A40: คำตอบ | B40: จำนวน Pre | C40: % Pre | D40: จำนวน Post | E40: % Post | F40: ผลต่าง (จุด %)
A41: 3) เคย แต่คืนตรงเวลา | B41: 10 | C41: 0.35714286 | D41: 22 | E41: 0.48888889 | F41: =E41-C41 -> 0.13174603
A42: 2) เคย แต่คืนช้าบ้าง | B42: 10 | C42: 0.35714286 | D42: 13 | E42: 0.28888889 | F42: =E42-C42 -> -0.068253968
A43: 4) ไม่เคยเลย | B43: 6 | C43: 0.21428571 | D43: 9 | E43: 0.2 | F43: =E43-C43 -> -0.014285714
A44: 1) เคย และไม่ได้คืน | B44: 2 | C44: 0.071428571 | D44: 1 | E44: 0.022222222 | F44: =E44-C44 -> -0.049206349
A45: รวมผู้ตอบ | B45: =SUM(B41:B44) -> 28 | D45: =SUM(D41:D44) -> 45

Sheet 11_หมายเหตุ_วิธีคำนวณ
A1: หมายเหตุ / วิธีคำนวณ / ข้อสมมติ
B4: แหล่งข้อมูล: ไฟล์คำตอบ Google Form 'Pre Test รุ่นพี่การเงิน' และ 'Post Test รุ่นพี่การเงิน' (ผู้ใช้อัปโหลด)
B6: 1) เฉลย: Google Form ไม่ได้ตั้งเป็นโหมด Quiz จึงไม่มี answer key ในไฟล์ ผู้จัดทำวิเคราะห์เฉลยจากตัวโจทย์เอง — ดูชีต '02_เฉลย' และแก้ไขได้
B7: 2) การให้คะแนน: ข้อละ 1 คะแนน เต็ม 25 คะแนน (เฉพาะส่วนความรู้ทางการเงิน ข้อ 1-25) ส่วนพฤติกรรมการเงิน 5 ข้อไม่คิดคะแนน
B8: 3) ข้อปรนัย: ตรวจจากหมายเลขตัวเลือกที่นำหน้าคำตอบ เช่น '2) วงเงินบัตรเครดิต' = ตัวเลือกที่ 2
B9: 4) ข้ออัตนัย (ข้อ 3, 10, 11, 13, 19, 20): ดึงตัวเลขทั้งหมดจากข้อความคำตอบ ถือว่าถูกถ้ามีตัวเลขคำตอบที่ถูกต้องปรากฏอยู่
B10: - ข้อ 3 ยึดดอกเบี้ยทบต้น = 121 บาท (หากต้องการนับ 120 แบบดอกเบี้ยคงที่ว่าถูกด้วย แจ้งให้ปรับได้)
B11: 5) คำตอบว่าง / '-' / 'ไม่รู้' / 'ไม่ทราบ' นับเป็น 0 คะแนน
B12: 6) ตัดแถวทดสอบระบบ (ชื่อ 'Test') ออกทั้ง Pre และ Post
B13: 7) Pre Test มีผู้ส่งซ้ำ 1 คน (ภัทรจารีย์ คงเยือกเย็น ส่ง 2 ครั้ง) — ใช้การส่งครั้งแรก
B14: 8) การจับคู่ Pre-Post: จับคู่ด้วยชื่อ-นามสกุลหลังตัดคำนำหน้า/ช่องว่าง และใช้ fuzzy matching สำหรับชื่อที่สะกดต่างเล็กน้อย (เช่น รีมา เชรฐตรี / รีมา เขรฐตรี)
B15: 9) ห้องเรียน: ปรับรูปแบบให้เป็นมาตรฐาน 'ม.4/7' และ 'ม.4/8' จากข้อความที่กรอกหลากหลายรูปแบบ
B16: 10) Normalized Gain = (Post - Pre) / (คะแนนเต็ม - Pre) เป็นตัวชี้วัดการเรียนรู้ที่หักผลของเพดานคะแนนออก (ค่ามาตรฐาน: <0.3 ต่ำ, 0.3-0.7 กลาง, >0.7 สูง)
... B19: ไฟล์ประกอบ: results.json — ข้อมูลชุดเดียวกันในรูปแบบ JSON สำหรับนำไปทำกราฟบนเว็บไซต์
